date,gonogo,alert_active,status,range_high,range_low,down_break_first,entry,entry_time,exit,exit_time,exit_reason,signal_pnl,buy_lag_s,exit_lag_s,qty,lucid_pnl,slippage,flags,notes
2026-09-21,none,true,live,,,,7768.00,09:46,7833.00,16:00,session_close,325.00,600,600,1,,,late_fire,backfill 2026-09-26 - delayed data - exit sent 16:10 ET - range not recorded
2026-09-22,none,true,no_breakout,7848.50,7835.50,,,,,,,,,,,,,,backfill
2026-09-23,none,true,no_breakout,7826.50,7814.25,,,,,,,,,,,,,,backfill
2026-09-24,none,true,live,7744.75,7730.00,false,7746.75,09:48,7733.25,11:18,time_exit_90min,-67.50,600,600,1,-80.00,-12.50,late_fire,backfill - delayed data
2026-09-25,none,false,shadow,7790.75,7767.50,false,7791.25,09:55,7776.75,11:25,time_exit_90min,-72.50,,,,,,,backfill - alert paused ~9:47 ET for delayed data - close check 2026-09-26: 4 DEMO fires after the ~9:50 data renewal all ~600s late
2026-09-28,NO-GO,false,shadow,7775.25,7758.75,true,7781.25,12:27,7762.75,13:57,time_exit_90min,-92.50,,,,,,,alert paused - down-break-first day - DEMO fires 600s late until 16:10 UTC then 19:15 UTC fire on time (0s) - first on-time probe since renewal - after-close 22:30 UTC: 22:18 fire also on time (0s)
2026-09-29,GO,true,no_breakout,7758.75,7738.75,,,,,,,,,,,,,,alert live all day - no live fires - price closed under the range low at 9:48 and never closed above 7758.75 - DEMO probes on time (0s)
2026-09-30,GO,true,live,7760.75,7749,false,7761,09:57,7759.25,13:16,time_exit_90min,-8.75,0,0,2,,,size_qty2,buy sent qty 2 (alert input shows 2) so real signal P&L about -17.50 before costs - fills match shadow entry and exit exactly - Ghost bracket sl 7636 (125 pts) not hit (MAE 3 pts)
2026-10-01,NO-GO,true,no_breakout,7740.25,7718,,,,,,,,,,,,,alert_reactivated,R5 risk pause - alert stopped 8:46 ET but found active again at 4:15 (restarted outside the routines) - no live fires today - price never closed above 7740.25 range high
